Date,Store,Department,net_sales,Quantity,day_of_week,is_weekend,is_holiday,day_of_month,is_month_start,is_month_end
2021-11-01,ABC,Beverages,254547.79901,917.0,0,0,0,1,1,0
2021-11-01,ABC,Grocery,437286.62402,2360.399,0,0,0,1,1,0
2021-11-01,ABC,Household,247336.26601,1043.0,0,0,0,1,1,0
2021-11-01,XYZ,Beverages,187931.76902,779.0,0,0,0,1,1,0
2021-11-01,XYZ,Grocery,491450.723,2987.06,0,0,0,1,1,0
2021-11-01,XYZ,Household,247156.009988,1124.0,0,0,0,1,1,0
2021-11-02,ABC,Beverages,277904.838,1140.0,1,0,0,2,0,0
2021-11-02,ABC,Grocery,582206.592985,3021.684,1,0,0,2,0,0
2021-11-02,ABC,Household,292020.462024,1195.0,1,0,0,2,0,0
2021-11-02,XYZ,Beverages,251330.13,922.0,1,0,0,2,0,0
2021-11-02,XYZ,Grocery,592195.489002,3623.716,1,0,0,2,0,0
2021-11-02,XYZ,Household,262403.349,1196.0,1,0,0,2,0,0
2021-11-03,ABC,Beverages,199145.59601,837.0,2,0,0,3,0,0
2021-11-03,ABC,Grocery,397946.965024,2155.128,2,0,0,3,0,0
2021-11-03,ABC,Household,209100.513996,819.0,2,0,0,3,0,0
2021-11-03,XYZ,Beverages,228560.219,841.0,2,0,0,3,0,0
2021-11-03,XYZ,Grocery,574684.181,3288.1,2,0,0,3,0,0
2021-11-03,XYZ,Household,249315.458,1108.0,2,0,0,3,0,0
2021-11-04,ABC,Beverages,255926.913,1256.0,3,0,1,4,0,0
2021-11-04,ABC,Grocery,522916.128,2648.306,3,0,1,4,0,0
2021-11-04,ABC,Household,243260.745014,921.0,3,0,1,4,0,0
2021-11-04,XYZ,Beverages,237710.29,914.0,3,0,1,4,0,0
2021-11-04,XYZ,Grocery,510482.668,3268.081,3,0,1,4,0,0
2021-11-04,XYZ,Household,228511.923005,948.0,3,0,1,4,0,0
2021-11-05,ABC,Beverages,255695.365,991.0,4,0,0,5,0,0
2021-11-05,ABC,Grocery,479383.66397,2654.582,4,0,0,5,0,0
2021-11-05,ABC,Household,265589.69202,986.0,4,0,0,5,0,0
2021-11-05,XYZ,Beverages,217746.0,910.0,4,0,0,5,0,0
2021-11-05,XYZ,Grocery,557072.729,3287.828,4,0,0,5,0,0
2021-11-05,XYZ,Household,222311.011,963.0,4,0,0,5,0,0
2021-11-06,ABC,Beverages,241963.0,884.0,5,1,0,6,0,0
2021-11-06,ABC,Grocery,548660.9,2614.006,5,1,0,6,0,0
2021-11-06,ABC,Household,284326.0,1152.0,5,1,0,6,0,0
2021-11-06,XYZ,Beverages,262426.08,1086.0,5,1,0,6,0,0
2021-11-06,XYZ,Grocery,622856.562004,3625.864,5,1,0,6,0,0
2021-11-06,XYZ,Household,305140.577002,1315.0,5,1,0,6,0,0
2021-11-07,ABC,Beverages,218668.693,937.0,6,1,0,7,0,0
2021-11-07,ABC,Grocery,505512.74297,2646.82,6,1,0,7,0,0
2021-11-07,ABC,Household,233781.880016,998.0,6,1,0,7,0,0
2021-11-07,XYZ,Beverages,289993.0,1043.0,6,1,0,7,0,0
2021-11-07,XYZ,Grocery,661655.00001,3608.962,6,1,0,7,0,0
2021-11-07,XYZ,Household,283841.0,1252.0,6,1,0,7,0,0
2021-11-08,ABC,Beverages,246984.682,974.0,0,0,0,8,0,0
2021-11-08,ABC,Grocery,438841.43801,2326.638,0,0,0,8,0,0
2021-11-08,ABC,Household,240294.89201,883.0,0,0,0,8,0,0
2021-11-08,XYZ,Beverages,201386.081,677.0,0,0,0,8,0,0
2021-11-08,XYZ,Grocery,498037.791,2879.414,0,0,0,8,0,0
2021-11-08,XYZ,Household,237517.072,944.0,0,0,0,8,0,0
2021-11-09,ABC,Beverages,199577.0,815.0,1,0,0,9,0,0
2021-11-09,ABC,Grocery,497413.33899,2489.046,1,0,0,9,0,0
2021-11-09,ABC,Household,229917.0,930.0,1,0,0,9,0,0
2021-11-09,XYZ,Beverages,263813.854,971.0,1,0,0,9,0,0
2021-11-09,XYZ,Grocery,622938.069,3608.112,1,0,0,9,0,0
2021-11-09,XYZ,Household,277746.993,1118.0,1,0,0,9,0,0
2021-11-10,ABC,Beverages,238515.243,924.0,2,0,0,10,0,0
2021-11-10,ABC,Grocery,522461.826,2876.364,2,0,0,10,0,0
2021-11-10,ABC,Household,304131.278,1160.0,2,0,0,10,0,0
2021-11-10,XYZ,Beverages,259906.508,934.0,2,0,0,10,0,0
2021-11-10,XYZ,Grocery,635110.826,3666.634,2,0,0,10,0,0
2021-11-10,XYZ,Household,252174.64699,1082.0,2,0,0,10,0,0
2021-11-11,ABC,Beverages,265286.0,1017.0,3,0,0,11,0,0
2021-11-11,ABC,Grocery,519793.064,2745.732,3,0,0,11,0,0
2021-11-11,ABC,Household,342064.0,1482.0,3,0,0,11,0,0
2021-11-11,XYZ,Beverages,297145.0,1104.0,3,0,0,11,0,0
2021-11-11,XYZ,Grocery,627332.13701,3559.718,3,0,0,11,0,0
2021-11-11,XYZ,Household,259689.0,1120.0,3,0,0,11,0,0
2021-11-12,ABC,Beverages,265109.69,1074.0,4,0,0,12,0,0
2021-11-12,ABC,Grocery,514991.726995,2788.65,4,0,0,12,0,0
2021-11-12,ABC,Household,268012.22496,1036.0,4,0,0,12,0,0
2021-11-12,XYZ,Beverages,243668.897,920.0,4,0,0,12,0,0
2021-11-12,XYZ,Grocery,514545.966,3074.068,4,0,0,12,0,0
2021-11-12,XYZ,Household,229292.71,1000.0,4,0,0,12,0,0
2021-11-13,ABC,Beverages,273187.77701,1273.0,5,1,0,13,0,0
2021-11-13,ABC,Grocery,531031.46198,2732.55,5,1,0,13,0,0
2021-11-13,ABC,Household,279307.127,1125.0,5,1,0,13,0,0
2021-11-13,XYZ,Beverages,258456.263098,1076.0,5,1,0,13,0,0
2021-11-13,XYZ,Grocery,576517.52197,3284.398,5,1,0,13,0,0
2021-11-13,XYZ,Household,239059.75497,1048.0,5,1,0,13,0,0
2021-11-14,ABC,Beverages,225926.22212,921.0,6,1,0,14,0,0
2021-11-14,ABC,Grocery,505466.29089,2602.416,6,1,0,14,0,0
2021-11-14,ABC,Household,255769.42399,993.0,6,1,0,14,0,0
2021-11-14,XYZ,Beverages,296072.895,1220.0,6,1,0,14,0,0
2021-11-14,XYZ,Grocery,735938.785986,4138.387,6,1,0,14,0,0
2021-11-14,XYZ,Household,269886.580994,1158.0,6,1,0,14,0,0
2021-11-15,ABC,Beverages,204426.11697,762.0,0,0,0,15,0,0
2021-11-15,ABC,Grocery,480770.598004,2390.932,0,0,0,15,0,0
2021-11-15,ABC,Household,214588.159992,830.0,0,0,0,15,0,0
2021-11-15,XYZ,Beverages,195180.72799,824.0,0,0,0,15,0,0
2021-11-15,XYZ,Grocery,539271.074006,3131.84,0,0,0,15,0,0
2021-11-15,XYZ,Household,251777.793994,972.0,0,0,0,15,0,0
2021-11-16,ABC,Beverages,212758.096,1023.0,1,0,0,16,0,0
2021-11-16,ABC,Grocery,398716.12803,2106.724,1,0,0,16,0,0
2021-11-16,ABC,Household,207955.66204,778.0,1,0,0,16,0,0
2021-11-16,XYZ,Beverages,230977.082,940.0,1,0,0,16,0,0
2021-11-16,XYZ,Grocery,557822.965022,3199.6,1,0,0,16,0,0
2021-11-16,XYZ,Household,230942.078,966.0,1,0,0,16,0,0
2021-11-17,ABC,Beverages,248992.728998,985.0,2,0,0,17,0,0
2021-11-17,ABC,Grocery,558187.29797,2885.498,2,0,0,17,0,0
2021-11-17,ABC,Household,246364.90516,998.0,2,0,0,17,0,0
2021-11-17,XYZ,Beverages,255851.431,924.0,2,0,0,17,0,0
2021-11-17,XYZ,Grocery,585377.43793,3375.546,2,0,0,17,0,0
2021-11-17,XYZ,Household,230997.124,936.0,2,0,0,17,0,0
2021-11-18,ABC,Beverages,175639.0,756.0,3,0,0,18,0,0
2021-11-18,ABC,Grocery,436620.223,2246.999,3,0,0,18,0,0
2021-11-18,ABC,Household,218632.999,907.0,3,0,0,18,0,0
2021-11-18,XYZ,Beverages,266097.0,1023.0,3,0,0,18,0,0
2021-11-18,XYZ,Grocery,592236.26,3406.606,3,0,0,18,0,0
2021-11-18,XYZ,Household,283519.0,1214.0,3,0,0,18,0,0
2021-11-19,ABC,Beverages,237399.881,880.0,4,0,1,19,0,0
2021-11-19,ABC,Grocery,430174.75,2168.21,4,0,1,19,0,0
2021-11-19,ABC,Household,204087.231018,755.0,4,0,1,19,0,0
2021-11-19,XYZ,Beverages,230181.39896,828.0,4,0,1,19,0,0
2021-11-19,XYZ,Grocery,542765.726,3096.73,4,0,1,19,0,0
2021-11-19,XYZ,Household,223037.599,895.0,4,0,1,19,0,0
2021-11-20,ABC,Beverages,225986.13103,937.0,5,1,0,20,0,0
2021-11-20,ABC,Grocery,434756.16684,2340.141,5,1,0,20,0,0
2021-11-20,ABC,Household,250394.960064,988.0,5,1,0,20,0,0
2021-11-20,XYZ,Beverages,281179.09712,1170.0,5,1,0,20,0,0
2021-11-20,XYZ,Grocery,643345.45997,3669.867,5,1,0,20,0,0
2021-11-20,XYZ,Household,287353.572882,1219.0,5,1,0,20,0,0
2021-11-21,ABC,Beverages,195036.211936,870.0,6,1,0,21,0,0
2021-11-21,ABC,Grocery,444193.117006,2133.776,6,1,0,21,0,0
2021-11-21,ABC,Household,237329.19402,868.0,6,1,0,21,0,0
2021-11-21,XYZ,Beverages,271440.419996,1056.0,6,1,0,21,0,0
2021-11-21,XYZ,Grocery,618052.44805,3464.803,6,1,0,21,0,0
2021-11-21,XYZ,Household,249596.485,1103.0,6,1,0,21,0,0
2021-11-22,ABC,Beverages,248094.88696,946.0,0,0,0,22,0,0
2021-11-22,ABC,Grocery,447480.09202,2262.302,0,0,0,22,0,0
2021-11-22,ABC,Household,230703.89903,914.0,0,0,0,22,0,0
2021-11-22,XYZ,Beverages,187371.38702,722.0,0,0,0,22,0,0
2021-11-22,XYZ,Grocery,443513.481,2500.75,0,0,0,22,0,0
2021-11-22,XYZ,Household,187888.59709,729.0,0,0,0,22,0,0
2021-11-23,ABC,Beverages,300005.609,1202.0,1,0,0,23,0,0
2021-11-23,ABC,Grocery,439004.82804,2105.91,1,0,0,23,0,0
2021-11-23,ABC,Household,207607.93304,812.0,1,0,0,23,0,0
2021-11-23,XYZ,Beverages,217515.70898,834.0,1,0,0,23,0,0
2021-11-23,XYZ,Grocery,503178.39703,2830.034,1,0,0,23,0,0
2021-11-23,XYZ,Household,209222.15802,915.0,1,0,0,23,0,0
2021-11-24,ABC,Beverages,347726.53002,1062.0,2,0,0,24,0,0
2021-11-24,ABC,Grocery,399369.82997,2093.942,2,0,0,24,0,0
2021-11-24,ABC,Household,248373.86402,862.0,2,0,0,24,0,0
2021-11-24,XYZ,Beverages,192973.50502,663.0,2,0,0,24,0,0
2021-11-24,XYZ,Grocery,509016.778996,2991.714,2,0,0,24,0,0
2021-11-24,XYZ,Household,190039.6,733.0,2,0,0,24,0,0
2021-11-25,ABC,Beverages,400375.23499,1302.0,3,0,0,25,0,0
2021-11-25,ABC,Grocery,651393.623915,3301.456,3,0,0,25,0,0
2021-11-25,ABC,Household,297827.26097,1162.0,3,0,0,25,0,0
2021-11-25,XYZ,Beverages,274148.717,1014.0,3,0,0,25,0,0
2021-11-25,XYZ,Grocery,573458.03298,3250.023,3,0,0,25,0,0
2021-11-25,XYZ,Household,282947.227,1183.0,3,0,0,25,0,0
2021-11-26,ABC,Beverages,373327.155,1144.0,4,0,0,26,0,0
2021-11-26,ABC,Grocery,673480.287994,3452.224,4,0,0,26,0,0
2021-11-26,ABC,Household,373965.10707,1235.0,4,0,0,26,0,0
2021-11-26,XYZ,Beverages,276472.46097,1016.0,4,0,0,26,0,0
2021-11-26,XYZ,Grocery,570560.98599,3201.59,4,0,0,26,0,0
2021-11-26,XYZ,Household,250931.105,1060.0,4,0,0,26,0,0
2021-11-27,ABC,Beverages,340953.14006,1267.0,5,1,0,27,0,0
2021-11-27,ABC,Grocery,614443.080988,3081.398,5,1,0,27,0,0
2021-11-27,ABC,Household,291499.76117,1141.0,5,1,0,27,0,0
2021-11-27,XYZ,Beverages,368467.598996,1263.0,5,1,0,27,0,0
2021-11-27,XYZ,Grocery,678140.963754,3883.659,5,1,0,27,0,0
2021-11-27,XYZ,Household,314193.697,1347.0,5,1,0,27,0,0
2021-11-28,ABC,Beverages,334571.4461,1179.0,6,1,0,28,0,0
2021-11-28,ABC,Grocery,648529.466092,3174.37,6,1,0,28,0,0
2021-11-28,ABC,Household,312479.76606,1256.0,6,1,0,28,0,0
2021-11-28,XYZ,Beverages,366704.06,1247.0,6,1,0,28,0,0
2021-11-28,XYZ,Grocery,812758.257983,4362.629,6,1,0,28,0,0
2021-11-28,XYZ,Household,333419.472,1445.0,6,1,0,28,0,0
2021-11-29,ABC,Beverages,274968.424,902.0,0,0,0,29,0,0
2021-11-29,ABC,Grocery,495740.129054,2557.853,0,0,0,29,0,0
2021-11-29,ABC,Household,260525.07303,1066.0,0,0,0,29,0,0
2021-11-29,XYZ,Beverages,267957.417,968.0,0,0,0,29,0,0
2021-11-29,XYZ,Grocery,546608.316016,3128.67,0,0,0,29,0,0
2021-11-29,XYZ,Household,235509.804035,967.0,0,0,0,29,0,0
2021-11-30,ABC,Beverages,295979.148,1121.0,1,0,0,30,0,1
2021-11-30,ABC,Grocery,530571.926,2610.866,1,0,0,30,0,1
2021-11-30,ABC,Household,274757.217,1002.0,1,0,0,30,0,1
2021-11-30,XYZ,Beverages,268409.853,1032.0,1,0,0,30,0,1
2021-11-30,XYZ,Grocery,672377.972028,3611.741,1,0,0,30,0,1
2021-11-30,XYZ,Household,264261.555,1087.0,1,0,0,30,0,1
2021-12-01,ABC,Beverages,266177.58402,1015.0,2,0,0,1,1,0
2021-12-01,ABC,Grocery,539465.524988,2893.41,2,0,0,1,1,0
2021-12-01,ABC,Household,330971.126066,1195.0,2,0,0,1,1,0
2021-12-01,XYZ,Beverages,247261.28196,1056.0,2,0,0,1,1,0
2021-12-01,XYZ,Grocery,597663.443906,3262.585,2,0,0,1,1,0
2021-12-01,XYZ,Household,280659.69101,1170.0,2,0,0,1,1,0
2021-12-02,ABC,Beverages,377534.327,1308.0,3,0,0,2,0,0
2021-12-02,ABC,Grocery,525587.86102,2631.074,3,0,0,2,0,0
2021-12-02,ABC,Household,310415.876,1236.0,3,0,0,2,0,0
2021-12-02,XYZ,Beverages,217649.746,1071.0,3,0,0,2,0,0
2021-12-02,XYZ,Grocery,619548.981,3223.01,3,0,0,2,0,0
2021-12-02,XYZ,Household,285027.261,1039.0,3,0,0,2,0,0
2021-12-03,ABC,Beverages,457478.41401,1577.0,4,0,0,3,0,0
2021-12-03,ABC,Grocery,518151.16701,2679.058,4,0,0,3,0,0
2021-12-03,ABC,Household,287172.73799,1127.0,4,0,0,3,0,0
2021-12-03,XYZ,Beverages,337323.404,1409.0,4,0,0,3,0,0
2021-12-03,XYZ,Grocery,632564.85198,3628.201,4,0,0,3,0,0
2021-12-03,XYZ,Household,309499.83301,1288.0,4,0,0,3,0,0
2021-12-04,ABC,Beverages,319839.57102,1143.0,5,1,0,4,0,0
2021-12-04,ABC,Grocery,546361.472998,2714.324,5,1,0,4,0,0
2021-12-04,ABC,Household,310744.715066,1170.0,5,1,0,4,0,0
2021-12-04,XYZ,Beverages,361320.264,1364.0,5,1,0,4,0,0
2021-12-04,XYZ,Grocery,701695.809988,3914.738,5,1,0,4,0,0
2021-12-04,XYZ,Household,304631.77301,1275.0,5,1,0,4,0,0
2021-12-05,ABC,Beverages,332207.132,1111.0,6,1,0,5,0,0
2021-12-05,ABC,Grocery,535520.37402,2588.766,6,1,0,5,0,0
2021-12-05,ABC,Household,320398.30298,1232.0,6,1,0,5,0,0
2021-12-05,XYZ,Beverages,317474.915,1138.0,6,1,0,5,0,0
2021-12-05,XYZ,Grocery,763186.038985,4131.75,6,1,0,5,0,0
2021-12-05,XYZ,Household,371701.672022,1466.0,6,1,0,5,0,0
2021-12-06,ABC,Beverages,236848.848988,1019.0,0,0,0,6,0,0
2021-12-06,ABC,Grocery,429775.313978,2178.012,0,0,0,6,0,0
2021-12-06,ABC,Household,258222.938978,1079.0,0,0,0,6,0,0
2021-12-06,XYZ,Beverages,172993.173,827.0,0,0,0,6,0,0
2021-12-06,XYZ,Grocery,513100.836005,2828.311,0,0,0,6,0,0
2021-12-06,XYZ,Household,258674.056986,1025.0,0,0,0,6,0,0
2021-12-07,ABC,Beverages,196671.376,1135.0,1,0,0,7,0,0
2021-12-07,ABC,Grocery,371493.671,1906.29,1,0,0,7,0,0
2021-12-07,ABC,Household,197708.779,824.0,1,0,0,7,0,0
2021-12-07,XYZ,Beverages,199525.545,875.0,1,0,0,7,0,0
2021-12-07,XYZ,Grocery,479451.78402,2704.628,1,0,0,7,0,0
2021-12-07,XYZ,Household,191597.15901,881.0,1,0,0,7,0,0
2021-12-08,ABC,Beverages,337323.11,1026.0,2,0,0,8,0,0
2021-12-08,ABC,Grocery,500976.425,2357.361,2,0,0,8,0,0
2021-12-08,ABC,Household,253374.0,981.0,2,0,0,8,0,0
2021-12-08,XYZ,Beverages,267251.43,1102.0,2,0,0,8,0,0
2021-12-08,XYZ,Grocery,514849.202016,2846.032,2,0,0,8,0,0
2021-12-08,XYZ,Household,214259.32401,848.0,2,0,0,8,0,0
2021-12-09,ABC,Beverages,313175.426,1310.0,3,0,0,9,0,0
2021-12-09,ABC,Grocery,493643.69302,2315.716,3,0,0,9,0,0
2021-12-09,ABC,Household,252415.84599,1006.0,3,0,0,9,0,0
2021-12-09,XYZ,Beverages,255970.70102,1104.0,3,0,0,9,0,0
2021-12-09,XYZ,Grocery,588795.674994,3219.296,3,0,0,9,0,0
2021-12-09,XYZ,Household,250085.121,1050.0,3,0,0,9,0,0
2021-12-10,ABC,Beverages,384773.18,1517.0,4,0,0,10,0,0
2021-12-10,ABC,Grocery,491920.06,2564.629,4,0,0,10,0,0
2021-12-10,ABC,Household,304055.02,1155.0,4,0,0,10,0,0
2021-12-10,XYZ,Beverages,390335.58,1225.0,4,0,0,10,0,0
2021-12-10,XYZ,Grocery,553625.218,3042.477,4,0,0,10,0,0
2021-12-10,XYZ,Household,251173.999,998.0,4,0,0,10,0,0
2021-12-11,ABC,Beverages,345468.227003,1289.0,5,1,0,11,0,0
2021-12-11,ABC,Grocery,807206.269,3041.035,5,1,0,11,0,0
2021-12-11,ABC,Household,372201.71199,1409.0,5,1,0,11,0,0
2021-12-11,XYZ,Beverages,305415.09,1246.0,5,1,0,11,0,0
2021-12-11,XYZ,Grocery,691048.76,3661.503,5,1,0,11,0,0
2021-12-11,XYZ,Household,282554.0,1214.0,5,1,0,11,0,0
2021-12-12,ABC,Beverages,214066.0,1040.0,6,1,0,12,0,0
2021-12-12,ABC,Grocery,527598.635,2599.476,6,1,0,12,0,0
2021-12-12,ABC,Household,295090.203,1157.0,6,1,0,12,0,0
2021-12-12,XYZ,Beverages,262314.06098,1155.0,6,1,0,12,0,0
2021-12-12,XYZ,Grocery,701132.960976,3849.976,6,1,0,12,0,0
2021-12-12,XYZ,Household,342194.02698,1409.0,6,1,0,12,0,0
2021-12-13,ABC,Beverages,213907.015,919.0,0,0,0,13,0,0
2021-12-13,ABC,Grocery,509005.021,2539.438,0,0,0,13,0,0
2021-12-13,ABC,Household,232708.77201,882.0,0,0,0,13,0,0
2021-12-13,XYZ,Beverages,187263.05,864.0,0,0,0,13,0,0
2021-12-13,XYZ,Grocery,558763.52399,2993.164,0,0,0,13,0,0
2021-12-13,XYZ,Household,254218.166,1164.0,0,0,0,13,0,0
2021-12-14,ABC,Beverages,408990.341,1446.0,1,0,0,14,0,0
2021-12-14,ABC,Grocery,500161.409994,2404.473,1,0,0,14,0,0
2021-12-14,ABC,Household,271592.818,1119.0,1,0,0,14,0,0
2021-12-14,XYZ,Beverages,270562.897,944.0,1,0,0,14,0,0
2021-12-14,XYZ,Grocery,660567.39799,3838.672,1,0,0,14,0,0
2021-12-14,XYZ,Household,234211.38203,1007.0,1,0,0,14,0,0
2021-12-15,ABC,Beverages,257779.894004,998.0,2,0,0,15,0,0
2021-12-15,ABC,Grocery,476119.36001,2272.71,2,0,0,15,0,0
2021-12-15,ABC,Household,224580.673,806.0,2,0,0,15,0,0
2021-12-15,XYZ,Beverages,250358.182,984.0,2,0,0,15,0,0
2021-12-15,XYZ,Grocery,524018.208016,2996.919,2,0,0,15,0,0
2021-12-15,XYZ,Household,227572.74,909.0,2,0,0,15,0,0
2021-12-16,ABC,Beverages,532931.43602,1748.0,3,0,0,16,0,0
2021-12-16,ABC,Grocery,949651.4801,4088.51,3,0,0,16,0,0
2021-12-16,ABC,Household,257578.202,943.0,3,0,0,16,0,0
2021-12-16,XYZ,Beverages,230770.125,996.0,3,0,0,16,0,0
2021-12-16,XYZ,Grocery,577046.42401,3205.697,3,0,0,16,0,0
2021-12-16,XYZ,Household,245538.041,971.0,3,0,0,16,0,0
2021-12-17,ABC,Beverages,352043.512,1150.0,4,0,0,17,0,0
2021-12-17,ABC,Grocery,538676.269003,2327.104,4,0,0,17,0,0
2021-12-17,ABC,Household,276665.059005,1041.0,4,0,0,17,0,0
2021-12-17,XYZ,Beverages,259586.661,1021.0,4,0,0,17,0,0
2021-12-17,XYZ,Grocery,633639.818,3438.821,4,0,0,17,0,0
2021-12-17,XYZ,Household,233766.087,952.0,4,0,0,17,0,0
2021-12-18,ABC,Beverages,378060.71303,1300.0,5,1,0,18,0,0
2021-12-18,ABC,Grocery,547156.85496,2605.076,5,1,0,18,0,0
2021-12-18,ABC,Household,276014.3259,1030.0,5,1,0,18,0,0
2021-12-18,XYZ,Beverages,229051.291,980.0,5,1,0,18,0,0
2021-12-18,XYZ,Grocery,742581.80804,3921.222,5,1,0,18,0,0
2021-12-18,XYZ,Household,309006.2,1280.0,5,1,0,18,0,0
2021-12-19,ABC,Beverages,273782.13802,991.0,6,1,1,19,0,0
2021-12-19,ABC,Grocery,562719.568002,2660.286,6,1,1,19,0,0
2021-12-19,ABC,Household,245294.21399,974.0,6,1,1,19,0,0
2021-12-19,XYZ,Beverages,450362.711,1462.0,6,1,1,19,0,0
2021-12-19,XYZ,Grocery,719254.51317,3993.65,6,1,1,19,0,0
2021-12-19,XYZ,Household,330373.3601,1372.0,6,1,1,19,0,0
2021-12-20,ABC,Beverages,392869.06193,1304.0,0,0,0,20,0,0
2021-12-20,ABC,Grocery,576160.0311,2611.897,0,0,0,20,0,0
2021-12-20,ABC,Household,299405.96701,1219.0,0,0,0,20,0,0
2021-12-20,XYZ,Beverages,191662.06,888.0,0,0,0,20,0,0
2021-12-20,XYZ,Grocery,541632.32898,2863.373,0,0,0,20,0,0
2021-12-20,XYZ,Household,239941.585,1001.0,0,0,0,20,0,0
2021-12-21,ABC,Beverages,250002.63698,1065.0,1,0,0,21,0,0
2021-12-21,ABC,Grocery,561946.602,2690.96,1,0,0,21,0,0
2021-12-21,ABC,Household,297162.10397,1075.0,1,0,0,21,0,0
2021-12-21,XYZ,Beverages,200676.14,845.0,1,0,0,21,0,0
2021-12-21,XYZ,Grocery,553325.022,2962.19,1,0,0,21,0,0
2021-12-21,XYZ,Household,227971.02,987.0,1,0,0,21,0,0
2021-12-22,ABC,Beverages,459972.75003,1525.0,2,0,0,22,0,0
2021-12-22,ABC,Grocery,629791.24399,2809.733,2,0,0,22,0,0
2021-12-22,ABC,Household,390761.94799,1316.0,2,0,0,22,0,0
2021-12-22,XYZ,Beverages,262072.89,998.0,2,0,0,22,0,0
2021-12-22,XYZ,Grocery,626451.14005,3367.016,2,0,0,22,0,0
2021-12-22,XYZ,Household,236027.24912,1035.0,2,0,0,22,0,0
2021-12-23,ABC,Beverages,337934.049,1553.0,3,0,0,23,0,0
2021-12-23,ABC,Grocery,672210.341,3126.112,3,0,0,23,0,0
2021-12-23,ABC,Household,386530.713,1380.0,3,0,0,23,0,0
2021-12-23,XYZ,Beverages,233120.98799,979.0,3,0,0,23,0,0
2021-12-23,XYZ,Grocery,685789.478036,3613.418,3,0,0,23,0,0
2021-12-23,XYZ,Household,261375.04096,1104.0,3,0,0,23,0,0
2021-12-24,ABC,Beverages,362440.01202,1340.0,4,0,0,24,0,0
2021-12-24,ABC,Grocery,2035445.463,7787.289,4,0,0,24,0,0
2021-12-24,ABC,Household,375605.32612,1311.0,4,0,0,24,0,0
2021-12-24,XYZ,Beverages,401997.979967,1489.0,4,0,0,24,0,0
2021-12-24,XYZ,Grocery,883682.91085,4525.658,4,0,0,24,0,0
2021-12-24,XYZ,Household,355010.1929,1462.0,4,0,0,24,0,0
2021-12-25,ABC,Beverages,218543.25,936.0,5,1,1,25,0,0
2021-12-25,ABC,Grocery,388933.152,1968.767,5,1,1,25,0,0
2021-12-25,ABC,Household,247041.0,913.0,5,1,1,25,0,0
2021-12-25,XYZ,Beverages,247575.33,1028.0,5,1,1,25,0,0
2021-12-25,XYZ,Grocery,690893.14,3841.522,5,1,1,25,0,0
2021-12-25,XYZ,Household,290445.0,1182.0,5,1,1,25,0,0
2021-12-26,ABC,Beverages,188772.78,778.0,6,1,0,26,0,0
2021-12-26,ABC,Grocery,388387.732,1884.134,6,1,0,26,0,0
2021-12-26,ABC,Household,203717.5,865.0,6,1,0,26,0,0
2021-12-26,XYZ,Beverages,230062.26,998.0,6,1,0,26,0,0
2021-12-26,XYZ,Grocery,633325.412,3534.533,6,1,0,26,0,0
2021-12-26,XYZ,Household,347934.01,1399.0,6,1,0,26,0,0
2021-12-27,ABC,Beverages,201607.0,928.0,0,0,0,27,0,0
2021-12-27,ABC,Grocery,413624.166,2135.612,0,0,0,27,0,0
2021-12-27,ABC,Household,241226.0,909.0,0,0,0,27,0,0
2021-12-27,XYZ,Beverages,234238.29,964.0,0,0,0,27,0,0
2021-12-27,XYZ,Grocery,585043.229,3114.201,0,0,0,27,0,0
2021-12-27,XYZ,Household,260726.23098,1162.0,0,0,0,27,0,0
2021-12-28,ABC,Beverages,221009.61,1031.0,1,0,0,28,0,0
2021-12-28,ABC,Grocery,524658.572,2541.979,1,0,0,28,0,0
2021-12-28,ABC,Household,272058.0,1074.0,1,0,0,28,0,0
2021-12-28,XYZ,Beverages,230322.09398,960.0,1,0,0,28,0,0
2021-12-28,XYZ,Grocery,539183.52,2976.802,1,0,0,28,0,0
2021-12-28,XYZ,Household,230208.0,950.0,1,0,0,28,0,0
2021-12-29,ABC,Beverages,253871.246,1046.0,2,0,0,29,0,0
2021-12-29,ABC,Grocery,699701.469,3166.758,2,0,0,29,0,0
2021-12-29,ABC,Household,259719.0,977.0,2,0,0,29,0,0
2021-12-29,XYZ,Beverages,231117.13,971.0,2,0,0,29,0,0
2021-12-29,XYZ,Grocery,779442.332,4064.3,2,0,0,29,0,0
2021-12-29,XYZ,Household,326213.0,1256.0,2,0,0,29,0,0
2021-12-30,ABC,Beverages,321491.45,1365.0,3,0,0,30,0,0
2021-12-30,ABC,Grocery,657509.354,3125.224,3,0,0,30,0,0
2021-12-30,ABC,Household,333395.0,1245.0,3,0,0,30,0,0
2021-12-30,XYZ,Beverages,260780.22,1095.0,3,0,0,30,0,0
2021-12-30,XYZ,Grocery,819000.984,4390.424,3,0,0,30,0,0
2021-12-30,XYZ,Household,341163.02,1403.0,3,0,0,30,0,0
2021-12-31,ABC,Beverages,486807.8209,1726.0,4,0,0,31,0,1
2021-12-31,ABC,Grocery,1079095.46509,4598.302,4,0,0,31,0,1
2021-12-31,ABC,Household,451894.51199,1606.0,4,0,0,31,0,1
2021-12-31,XYZ,Beverages,405934.713,1761.0,4,0,0,31,0,1
2021-12-31,XYZ,Grocery,1161786.60399,5963.381,4,0,0,31,0,1
2021-12-31,XYZ,Household,382967.79498,1646.0,4,0,0,31,0,1
2022-01-01,ABC,Beverages,199615.3,1137.0,5,1,1,1,1,0
2022-01-01,ABC,Grocery,410870.334,2129.54,5,1,1,1,1,0
2022-01-01,ABC,Household,213757.0,718.0,5,1,1,1,1,0
2022-01-01,XYZ,Beverages,179595.35,894.0,5,1,1,1,1,0
2022-01-01,XYZ,Grocery,559652.29,3024.884,5,1,1,1,1,0
2022-01-01,XYZ,Household,215390.0,852.0,5,1,1,1,1,0
2022-01-02,ABC,Beverages,200000.26,887.0,6,1,0,2,0,0
2022-01-02,ABC,Grocery,482843.286,2247.004,6,1,0,2,0,0
2022-01-02,ABC,Household,301049.001,1074.0,6,1,0,2,0,0
2022-01-02,XYZ,Beverages,224102.12,1044.0,6,1,0,2,0,0
2022-01-02,XYZ,Grocery,689674.065,3695.187,6,1,0,2,0,0
2022-01-02,XYZ,Household,317612.82,1312.0,6,1,0,2,0,0
2022-01-03,ABC,Beverages,202848.07,957.0,0,0,0,3,0,0
2022-01-03,ABC,Grocery,481203.36,2190.392,0,0,0,3,0,0
2022-01-03,ABC,Household,265809.5,1002.0,0,0,0,3,0,0
2022-01-03,XYZ,Beverages,149946.09,645.0,0,0,0,3,0,0
2022-01-03,XYZ,Grocery,453615.07101,2396.285,0,0,0,3,0,0
2022-01-03,XYZ,Household,201304.44101,844.0,0,0,0,3,0,0
2022-01-04,ABC,Beverages,168349.26,802.0,1,0,0,4,0,0
2022-01-04,ABC,Grocery,502839.521,2380.804,1,0,0,4,0,0
2022-01-04,ABC,Household,307756.5,1214.0,1,0,0,4,0,0
2022-01-04,XYZ,Beverages,207932.01,953.0,1,0,0,4,0,0
2022-01-04,XYZ,Grocery,595931.7119999999,3212.01,1,0,0,4,0,0
2022-01-04,XYZ,Household,277280.0,1085.0,1,0,0,4,0,0
2022-01-05,ABC,Beverages,203996.0,785.0,2,0,0,5,0,0
2022-01-05,ABC,Grocery,447108.018,2154.734,2,0,0,5,0,0
2022-01-05,ABC,Household,240789.0,906.0,2,0,0,5,0,0
2022-01-05,XYZ,Beverages,175541.08,773.0,2,0,0,5,0,0
2022-01-05,XYZ,Grocery,472348.39,2668.154,2,0,0,5,0,0
2022-01-05,XYZ,Household,242328.0,949.0,2,0,0,5,0,0
2022-01-06,ABC,Beverages,399467.25,1223.0,3,0,0,6,0,0
2022-01-06,ABC,Grocery,530274.942,2310.026,3,0,0,6,0,0
2022-01-06,ABC,Household,290041.0,983.0,3,0,0,6,0,0
2022-01-06,XYZ,Beverages,202202.03,816.0,3,0,0,6,0,0
2022-01-06,XYZ,Grocery,579090.782,3218.341,3,0,0,6,0,0
2022-01-06,XYZ,Household,253920.15,1020.0,3,0,0,6,0,0
2022-01-07,ABC,Beverages,362553.509004,1610.0,4,0,0,7,0,0
2022-01-07,ABC,Grocery,535636.207,2594.455,4,0,0,7,0,0
2022-01-07,ABC,Household,311081.826,1194.0,4,0,0,7,0,0
2022-01-07,XYZ,Beverages,365463.076,1105.0,4,0,0,7,0,0
2022-01-07,XYZ,Grocery,612576.152,3302.789,4,0,0,7,0,0
2022-01-07,XYZ,Household,241198.39901,971.0,4,0,0,7,0,0
2022-01-08,ABC,Beverages,398422.556,1442.0,5,1,0,8,0,0
2022-01-08,ABC,Grocery,623447.951,3064.781,5,1,0,8,0,0
2022-01-08,ABC,Household,304865.759003,1093.0,5,1,0,8,0,0
2022-01-08,XYZ,Beverages,334886.07,1274.0,5,1,0,8,0,0
2022-01-08,XYZ,Grocery,673586.920995,3516.559,5,1,0,8,0,0
2022-01-08,XYZ,Household,273919.0,1148.0,5,1,0,8,0,0
2022-01-09,ABC,Beverages,234528.3818,1052.0,6,1,0,9,0,0
2022-01-09,ABC,Grocery,547398.99801,2760.462,6,1,0,9,0,0
2022-01-09,ABC,Household,315307.384,1152.0,6,1,0,9,0,0
2022-01-09,XYZ,Beverages,300299.09,1159.0,6,1,0,9,0,0
2022-01-09,XYZ,Grocery,741539.429,4164.643,6,1,0,9,0,0
2022-01-09,XYZ,Household,377254.0,1458.0,6,1,0,9,0,0
2022-01-10,ABC,Beverages,296844.916,1079.0,0,0,0,10,0,0
2022-01-10,ABC,Grocery,453291.304,2214.609,0,0,0,10,0,0
2022-01-10,ABC,Household,322876.95192,1144.0,0,0,0,10,0,0
2022-01-10,XYZ,Beverages,196261.029,903.0,0,0,0,10,0,0
2022-01-10,XYZ,Grocery,557654.852,3089.55,0,0,0,10,0,0
2022-01-10,XYZ,Household,272036.0,1057.0,0,0,0,10,0,0
2022-01-11,ABC,Beverages,299901.0,1359.0,1,0,0,11,0,0
2022-01-11,ABC,Grocery,606151.751,2881.708,1,0,0,11,0,0
2022-01-11,ABC,Household,305017.0,1101.0,1,0,0,11,0,0
2022-01-11,XYZ,Beverages,248616.0,932.0,1,0,0,11,0,0
2022-01-11,XYZ,Grocery,622561.39301,3378.658,1,0,0,11,0,0
2022-01-11,XYZ,Household,274953.911005,1154.0,1,0,0,11,0,0
2022-01-12,ABC,Beverages,196014.5,950.0,2,0,0,12,0,0
2022-01-12,ABC,Grocery,432843.686,2204.186,2,0,0,12,0,0
2022-01-12,ABC,Household,272431.0,949.0,2,0,0,12,0,0
2022-01-12,XYZ,Beverages,178756.44796,837.0,2,0,0,12,0,0
2022-01-12,XYZ,Grocery,509834.515,2899.544,2,0,0,12,0,0
2022-01-12,XYZ,Household,219909.677,940.0,2,0,0,12,0,0
2022-01-13,ABC,Beverages,333398.25,1414.0,3,0,0,13,0,0
2022-01-13,ABC,Grocery,577075.995,2705.301,3,0,0,13,0,0
2022-01-13,ABC,Household,319568.0,1146.0,3,0,0,13,0,0
2022-01-13,XYZ,Beverages,181156.09,855.0,3,0,0,13,0,0
2022-01-13,XYZ,Grocery,554760.784,3058.627,3,0,0,13,0,0
2022-01-13,XYZ,Household,248185.0,957.0,3,0,0,13,0,0
2022-01-14,ABC,Beverages,192949.538,866.0,4,0,1,14,0,0
2022-01-14,ABC,Grocery,421828.536,2187.497,4,0,1,14,0,0
2022-01-14,ABC,Household,194229.0,799.0,4,0,1,14,0,0
2022-01-14,XYZ,Beverages,270562.06,1078.0,4,0,1,14,0,0
2022-01-14,XYZ,Grocery,504860.738,2859.478,4,0,1,14,0,0
2022-01-14,XYZ,Household,233850.0,987.0,4,0,1,14,0,0
2022-01-15,ABC,Beverages,211739.0,1034.0,5,1,0,15,0,0
2022-01-15,ABC,Grocery,443967.016,2107.406,5,1,0,15,0,0
2022-01-15,ABC,Household,206776.0,801.0,5,1,0,15,0,0
2022-01-15,XYZ,Beverages,235791.06,990.0,5,1,0,15,0,0
2022-01-15,XYZ,Grocery,603255.614,3226.084,5,1,0,15,0,0
2022-01-15,XYZ,Household,309093.841,1115.0,5,1,0,15,0,0
2022-01-16,ABC,Beverages,235881.25,808.0,6,1,0,16,0,0
2022-01-16,ABC,Grocery,407167.937,1779.437,6,1,0,16,0,0
2022-01-16,ABC,Household,181968.999,724.0,6,1,0,16,0,0
2022-01-16,XYZ,Beverages,195056.02,842.0,6,1,0,16,0,0
2022-01-16,XYZ,Grocery,558762.697,3108.163,6,1,0,16,0,0
2022-01-16,XYZ,Household,282811.0,1177.0,6,1,0,16,0,0
2022-01-17,ABC,Beverages,196166.832,1540.0,0,0,1,17,0,0
2022-01-17,ABC,Grocery,367440.183,1887.07,0,0,1,17,0,0
2022-01-17,ABC,Household,216857.153,747.0,0,0,1,17,0,0
2022-01-17,XYZ,Beverages,321661.0,1297.0,0,0,1,17,0,0
2022-01-17,XYZ,Grocery,664632.763,3487.211,0,0,1,17,0,0
2022-01-17,XYZ,Household,314360.0,1363.0,0,0,1,17,0,0
2022-01-18,ABC,Beverages,430084.5,1473.0,1,0,0,18,0,0
2022-01-18,ABC,Grocery,604817.603,2574.993,1,0,0,18,0,0
2022-01-18,ABC,Household,319725.00002,1112.0,1,0,0,18,0,0
2022-01-18,XYZ,Beverages,200059.311,854.0,1,0,0,18,0,0
2022-01-18,XYZ,Grocery,509943.700996,2794.622,1,0,0,18,0,0
2022-01-18,XYZ,Household,259589.224993,1046.0,1,0,0,18,0,0
2022-01-19,ABC,Beverages,271255.14,1237.0,2,0,0,19,0,0
2022-01-19,ABC,Grocery,403323.047,1882.58,2,0,0,19,0,0
2022-01-19,ABC,Household,218658.973,812.0,2,0,0,19,0,0
2022-01-19,XYZ,Beverages,315504.0,1027.0,2,0,0,19,0,0
2022-01-19,XYZ,Grocery,460323.678,2409.322,2,0,0,19,0,0
2022-01-19,XYZ,Household,204574.02,883.0,2,0,0,19,0,0
2022-01-20,ABC,Beverages,271106.0,1033.0,3,0,0,20,0,0
2022-01-20,ABC,Grocery,405836.326,2079.778,3,0,0,20,0,0
2022-01-20,ABC,Household,257406.999,995.0,3,0,0,20,0,0
2022-01-20,XYZ,Beverages,231575.0,903.0,3,0,0,20,0,0
2022-01-20,XYZ,Grocery,487795.906,2686.039,3,0,0,20,0,0
2022-01-20,XYZ,Household,245632.012,968.0,3,0,0,20,0,0
2022-01-21,ABC,Beverages,292280.0,1161.0,4,0,0,21,0,0
2022-01-21,ABC,Grocery,463297.20902,2371.411,4,0,0,21,0,0
2022-01-21,ABC,Household,255875.0,955.0,4,0,0,21,0,0
2022-01-21,XYZ,Beverages,308017.0,993.0,4,0,0,21,0,0
2022-01-21,XYZ,Grocery,497466.887,2753.863,4,0,0,21,0,0
2022-01-21,XYZ,Household,201955.998,821.0,4,0,0,21,0,0
2022-01-22,ABC,Beverages,285967.162,1257.0,5,1,0,22,0,0
2022-01-22,ABC,Grocery,475489.17899,2267.434,5,1,0,22,0,0
2022-01-22,ABC,Household,325554.000987,1190.0,5,1,0,22,0,0
2022-01-22,XYZ,Beverages,214828.0,924.0,5,1,0,22,0,0
2022-01-22,XYZ,Grocery,614182.604,3362.031,5,1,0,22,0,0
2022-01-22,XYZ,Household,255988.997995,1125.0,5,1,0,22,0,0
2022-01-23,ABC,Beverages,303670.25,868.0,6,1,0,23,0,0
2022-01-23,ABC,Grocery,433569.98,2152.11,6,1,0,23,0,0
2022-01-23,ABC,Household,243856.0,874.0,6,1,0,23,0,0
2022-01-23,XYZ,Beverages,382628.0,1278.0,6,1,0,23,0,0
2022-01-23,XYZ,Grocery,808249.573,4184.327,6,1,0,23,0,0
2022-01-23,XYZ,Household,362359.999,1363.0,6,1,0,23,0,0
2022-01-24,ABC,Beverages,308841.5,992.0,0,0,0,24,0,0
2022-01-24,ABC,Grocery,478236.646,2317.78,0,0,0,24,0,0
2022-01-24,ABC,Household,255833.0,935.0,0,0,0,24,0,0
2022-01-24,XYZ,Beverages,181011.0,769.0,0,0,0,24,0,0
2022-01-24,XYZ,Grocery,469718.999,2562.307,0,0,0,24,0,0
2022-01-24,XYZ,Household,255181.038,946.0,0,0,0,24,0,0
2022-01-25,ABC,Beverages,253524.0,874.0,1,0,0,25,0,0
2022-01-25,ABC,Grocery,563885.80498,2729.121,1,0,0,25,0,0
2022-01-25,ABC,Household,323726.08,1128.0,1,0,0,25,0,0
2022-01-25,XYZ,Beverages,182117.83002,886.0,1,0,0,25,0,0
2022-01-25,XYZ,Grocery,662692.699992,3661.504,1,0,0,25,0,0
2022-01-25,XYZ,Household,298283.40102,1187.0,1,0,0,25,0,0
2022-01-26,ABC,Beverages,382074.0,1095.0,2,0,0,26,0,0
2022-01-26,ABC,Grocery,549777.422,2612.746,2,0,0,26,0,0
2022-01-26,ABC,Household,319838.0,1155.0,2,0,0,26,0,0
2022-01-26,XYZ,Beverages,369852.03998,1123.0,2,0,0,26,0,0
2022-01-26,XYZ,Grocery,541006.977,2913.409,2,0,0,26,0,0
2022-01-26,XYZ,Household,289925.04,1103.0,2,0,0,26,0,0
2022-01-27,ABC,Beverages,395367.0,1253.0,3,0,0,27,0,0
2022-01-27,ABC,Grocery,557922.715,2602.145,3,0,0,27,0,0
2022-01-27,ABC,Household,261352.99999,991.0,3,0,0,27,0,0
2022-01-27,XYZ,Beverages,384973.0,1170.0,3,0,0,27,0,0
2022-01-27,XYZ,Grocery,556695.964,3012.134,3,0,0,27,0,0
2022-01-27,XYZ,Household,266484.029,1091.0,3,0,0,27,0,0
2022-01-28,ABC,Beverages,397226.5,1319.0,4,0,0,28,0,0
2022-01-28,ABC,Grocery,464186.114,2358.758,4,0,0,28,0,0
2022-01-28,ABC,Household,290746.99899,1062.0,4,0,0,28,0,0
2022-01-28,XYZ,Beverages,513057.0,1336.0,4,0,0,28,0,0
2022-01-28,XYZ,Grocery,583466.776,3162.792,4,0,0,28,0,0
2022-01-28,XYZ,Household,255565.0,1051.0,4,0,0,28,0,0
2022-01-29,ABC,Beverages,213541.73,966.0,5,1,0,29,0,0
2022-01-29,ABC,Grocery,551861.60102,2587.436,5,1,0,29,0,0
2022-01-29,ABC,Household,349645.83788,1236.0,5,1,0,29,0,0
2022-01-29,XYZ,Beverages,337437.0,1255.0,5,1,0,29,0,0
2022-01-29,XYZ,Grocery,667129.626,3539.002,5,1,0,29,0,0
2022-01-29,XYZ,Household,311037.0,1205.0,5,1,0,29,0,0
2022-01-30,ABC,Beverages,196153.95,923.0,6,1,0,30,0,0
2022-01-30,ABC,Grocery,585570.03698,2869.215,6,1,0,30,0,0
2022-01-30,ABC,Household,323308.26797,1170.0,6,1,0,30,0,0
2022-01-30,XYZ,Beverages,239877.764,1048.0,6,1,0,30,0,0
2022-01-30,XYZ,Grocery,756342.462,4040.207,6,1,0,30,0,0
2022-01-30,XYZ,Household,312510.762,1298.0,6,1,0,30,0,0
2022-01-31,ABC,Beverages,204687.95101,887.0,0,0,0,31,0,1
2022-01-31,ABC,Grocery,542643.931,2603.874,0,0,0,31,0,1
2022-01-31,ABC,Household,314800.26999,1115.0,0,0,0,31,0,1
2022-01-31,XYZ,Beverages,179122.36501,791.0,0,0,0,31,0,1
2022-01-31,XYZ,Grocery,563043.734,2996.909,0,0,0,31,0,1
2022-01-31,XYZ,Household,269010.675,1141.0,0,0,0,31,0,1
2022-02-01,ABC,Beverages,427627.8291,1672.0,1,0,0,1,1,0
2022-02-01,ABC,Grocery,724896.269996,3482.128,1,0,0,1,1,0
2022-02-01,ABC,Household,364019.0,1363.0,1,0,0,1,1,0
2022-02-01,XYZ,Beverages,268295.03401,1152.0,1,0,0,1,1,0
2022-02-01,XYZ,Grocery,777378.278006,4131.394,1,0,0,1,1,0
2022-02-01,XYZ,Household,343766.40399,1340.0,1,0,0,1,1,0
2022-02-02,ABC,Beverages,443960.459,1652.0,2,0,0,2,0,0
2022-02-02,ABC,Grocery,636533.876996,3256.287,2,0,0,2,0,0
2022-02-02,ABC,Household,363869.99298,1432.0,2,0,0,2,0,0
2022-02-02,XYZ,Beverages,379689.474,1392.0,2,0,0,2,0,0
2022-02-02,XYZ,Grocery,808260.989004,4251.348,2,0,0,2,0,0
2022-02-02,XYZ,Household,369676.873,1545.0,2,0,0,2,0,0
2022-02-03,ABC,Beverages,514548.664,1912.0,3,0,0,3,0,0
2022-02-03,ABC,Grocery,812952.591,3987.199,3,0,0,3,0,0
2022-02-03,ABC,Household,428585.398,1546.0,3,0,0,3,0,0
2022-02-03,XYZ,Beverages,458529.0,1702.0,3,0,0,3,0,0
2022-02-03,XYZ,Grocery,850042.288,4469.119,3,0,0,3,0,0
2022-02-03,XYZ,Household,333607.01001,1352.0,3,0,0,3,0,0
2022-02-04,ABC,Beverages,537941.25,1391.0,4,0,0,4,0,0
2022-02-04,ABC,Grocery,509971.01,2511.904,4,0,0,4,0,0
2022-02-04,ABC,Household,340235.0,1121.0,4,0,0,4,0,0
2022-02-04,XYZ,Beverages,581321.0,1757.0,4,0,0,4,0,0
2022-02-04,XYZ,Grocery,846335.324,4477.322,4,0,0,4,0,0
2022-02-04,XYZ,Household,374594.44598,1509.0,4,0,0,4,0,0
2022-02-05,ABC,Beverages,546261.05709,1743.0,5,1,0,5,0,0
2022-02-05,ABC,Grocery,677446.82807,2963.92,5,1,0,5,0,0
2022-02-05,ABC,Household,312297.506,1143.0,5,1,0,5,0,0
2022-02-05,XYZ,Beverages,561957.219,1763.0,5,1,0,5,0,0
2022-02-05,XYZ,Grocery,795744.350990192,4101.791,5,1,0,5,0,0
2022-02-05,XYZ,Household,347448.80404,1318.0,5,1,0,5,0,0
2022-02-06,ABC,Beverages,247720.047,1243.0,6,1,0,6,0,0
2022-02-06,ABC,Grocery,580909.57191,2803.912,6,1,0,6,0,0
2022-02-06,ABC,Household,342663.581996,1227.0,6,1,0,6,0,0
2022-02-06,XYZ,Beverages,363262.35302,1474.0,6,1,0,6,0,0
2022-02-06,XYZ,Grocery,889385.83205,4635.546,6,1,0,6,0,0
2022-02-06,XYZ,Household,368229.032005,1462.0,6,1,0,6,0,0
2022-02-07,ABC,Beverages,243357.28414,1405.0,0,0,0,7,0,0
2022-02-07,ABC,Grocery,654743.905964,3207.82,0,0,0,7,0,0
2022-02-07,ABC,Household,359374.13902,1207.0,0,0,0,7,0,0
2022-02-07,XYZ,Beverages,210116.35502,950.0,0,0,0,7,0,0
2022-02-07,XYZ,Grocery,795136.660018311,3966.438,0,0,0,7,0,0
2022-02-07,XYZ,Household,351873.784018,1380.0,0,0,0,7,0,0
2022-02-08,ABC,Beverages,282846.360095,1077.0,1,0,0,8,0,0
2022-02-08,ABC,Grocery,750754.347926,3472.401,1,0,0,8,0,0
2022-02-08,ABC,Household,333823.14602,1327.0,1,0,0,8,0,0
2022-02-08,XYZ,Beverages,221496.268,1002.0,1,0,0,8,0,0
2022-02-08,XYZ,Grocery,710922.151045,3849.556,1,0,0,8,0,0
2022-02-08,XYZ,Household,281539.35196,1173.0,1,0,0,8,0,0
2022-02-09,ABC,Beverages,331504.40999,1461.0,2,0,0,9,0,0
2022-02-09,ABC,Grocery,671442.780014,2910.455,2,0,0,9,0,0
2022-02-09,ABC,Household,316279.32499,1193.0,2,0,0,9,0,0
2022-02-09,XYZ,Beverages,370669.087,1280.0,2,0,0,9,0,0
2022-02-09,XYZ,Grocery,818913.782004,4265.078,2,0,0,9,0,0
2022-02-09,XYZ,Household,323576.15802,1280.0,2,0,0,9,0,0
2022-02-10,ABC,Beverages,421805.31999,1562.0,3,0,0,10,0,0
2022-02-10,ABC,Grocery,767424.071816,3647.404,3,0,0,10,0,0
2022-02-10,ABC,Household,378833.382014,1396.0,3,0,0,10,0,0
2022-02-10,XYZ,Beverages,415944.56702,1421.0,3,0,0,10,0,0
2022-02-10,XYZ,Grocery,814079.8299,4531.919,3,0,0,10,0,0
2022-02-10,XYZ,Household,384870.69699,1446.0,3,0,0,10,0,0
2022-02-11,ABC,Beverages,456846.75,1508.0,4,0,0,11,0,0
2022-02-11,ABC,Grocery,707911.97506,3163.584,4,0,0,11,0,0
2022-02-11,ABC,Household,331155.042,1207.0,4,0,0,11,0,0
2022-02-11,XYZ,Beverages,377517.73398,1353.0,4,0,0,11,0,0
2022-02-11,XYZ,Grocery,687319.28503,3804.922,4,0,0,11,0,0
2022-02-11,XYZ,Household,272766.55597,1116.0,4,0,0,11,0,0
2022-02-12,ABC,Beverages,361428.307,1328.0,5,1,0,12,0,0
2022-02-12,ABC,Grocery,684035.51803,3212.851,5,1,0,12,0,0
2022-02-12,ABC,Household,397529.72495,1429.0,5,1,0,12,0,0
2022-02-12,XYZ,Beverages,340146.509,1304.0,5,1,0,12,0,0
2022-02-12,XYZ,Grocery,826405.8158,4324.716,5,1,0,12,0,0
2022-02-12,XYZ,Household,333402.76398,1364.0,5,1,0,12,0,0
2022-02-13,ABC,Beverages,365597.868974,1529.0,6,1,0,13,0,0
2022-02-13,ABC,Grocery,779323.66997,3707.842,6,1,0,13,0,0
2022-02-13,ABC,Household,393748.308,1468.0,6,1,0,13,0,0
2022-02-13,XYZ,Beverages,401038.951,1510.0,6,1,0,13,0,0
2022-02-13,XYZ,Grocery,1110765.06101,5752.497,6,1,0,13,0,0
2022-02-13,XYZ,Household,464353.580988,1861.0,6,1,0,13,0,0
2022-02-14,ABC,Beverages,279230.483995,1183.0,0,0,0,14,0,0
2022-02-14,ABC,Grocery,666722.267946,2921.661,0,0,0,14,0,0
2022-02-14,ABC,Household,340462.976946,1255.0,0,0,0,14,0,0
2022-02-14,XYZ,Beverages,235692.26102,1023.0,0,0,0,14,0,0
2022-02-14,XYZ,Grocery,753796.43604,3840.161,0,0,0,14,0,0
2022-02-14,XYZ,Household,300065.364008,1178.0,0,0,0,14,0,0
2022-02-15,ABC,Beverages,278012.0,1279.0,1,0,0,15,0,0
2022-02-15,ABC,Grocery,651907.69899,3126.889,1,0,0,15,0,0
2022-02-15,ABC,Household,336245.996,1187.0,1,0,0,15,0,0
2022-02-15,XYZ,Beverages,324496.14999,1280.0,1,0,0,15,0,0
2022-02-15,XYZ,Grocery,704145.80105,3645.814,1,0,0,15,0,0
2022-02-15,XYZ,Household,285056.30899,1191.0,1,0,0,15,0,0
2022-02-16,ABC,Beverages,253517.17401,1033.0,2,0,1,16,0,0
2022-02-16,ABC,Grocery,567939.47902,2474.152,2,0,1,16,0,0
2022-02-16,ABC,Household,246662.444004,931.0,2,0,1,16,0,0
2022-02-16,XYZ,Beverages,417267.791,1392.0,2,0,1,16,0,0
2022-02-16,XYZ,Grocery,742729.67186,4073.83,2,0,1,16,0,0
2022-02-16,XYZ,Household,300558.14801,1264.0,2,0,1,16,0,0
2022-02-17,ABC,Beverages,517190.865,1680.0,3,0,0,17,0,0
2022-02-17,ABC,Grocery,676668.087996094,3292.486,3,0,0,17,0,0
2022-02-17,ABC,Household,356611.20301,1276.0,3,0,0,17,0,0
2022-02-17,XYZ,Beverages,334784.83596,1322.0,3,0,0,17,0,0
2022-02-17,XYZ,Grocery,723170.3681,3788.726,3,0,0,17,0,0
2022-02-17,XYZ,Household,324290.42298,1270.0,3,0,0,17,0,0
2022-02-18,ABC,Beverages,655605.872,2073.0,4,0,0,18,0,0
2022-02-18,ABC,Grocery,657167.299954995,3237.423,4,0,0,18,0,0
2022-02-18,ABC,Household,312498.953,1152.0,4,0,0,18,0,0
2022-02-18,XYZ,Beverages,500354.152,1411.0,4,0,0,18,0,0
2022-02-18,XYZ,Grocery,744770.85002,3698.481,4,0,0,18,0,0
2022-02-18,XYZ,Household,281557.739,1188.0,4,0,0,18,0,0
2022-02-19,ABC,Beverages,486966.61503,1384.0,5,1,0,19,0,0
2022-02-19,ABC,Grocery,719084.678205,3098.705,5,1,0,19,0,0
2022-02-19,ABC,Household,352143.713034,1242.0,5,1,0,19,0,0
2022-02-19,XYZ,Beverages,552952.19804,1756.0,5,1,0,19,0,0
2022-02-19,XYZ,Grocery,907260.34214,4723.872,5,1,0,19,0,0
2022-02-19,XYZ,Household,329126.569038,1302.0,5,1,0,19,0,0
2022-02-20,ABC,Beverages,284107.28402,1295.0,6,1,0,20,0,0
2022-02-20,ABC,Grocery,568200.982987192,2701.138,6,1,0,20,0,0
2022-02-20,ABC,Household,302745.22,1110.0,6,1,0,20,0,0
2022-02-20,XYZ,Beverages,309308.764,1398.0,6,1,0,20,0,0
2022-02-20,XYZ,Grocery,935652.781994995,4886.174,6,1,0,20,0,0
2022-02-20,XYZ,Household,458549.909005,1816.0,6,1,0,20,0,0
2022-02-21,ABC,Beverages,387234.049,1343.0,0,0,0,21,0,0
2022-02-21,ABC,Grocery,574943.624880094,2679.392,0,0,0,21,0,0
2022-02-21,ABC,Household,335147.90391,1245.0,0,0,0,21,0,0
2022-02-21,XYZ,Beverages,262143.487916,1142.0,0,0,0,21,0,0
2022-02-21,XYZ,Grocery,695386.25988,3615.324,0,0,0,21,0,0
2022-02-21,XYZ,Household,306734.57202,1294.0,0,0,0,21,0,0
2022-02-22,ABC,Beverages,409491.973,1464.0,1,0,0,22,0,0
2022-02-22,ABC,Grocery,593754.37801,3057.922,1,0,0,22,0,0
2022-02-22,ABC,Household,328820.139,1269.0,1,0,0,22,0,0
2022-02-22,XYZ,Beverages,427611.00099,1290.0,1,0,0,22,0,0
2022-02-22,XYZ,Grocery,770031.90502,4062.74,1,0,0,22,0,0
2022-02-22,XYZ,Household,316312.27697,1201.0,1,0,0,22,0,0
2022-02-23,ABC,Beverages,250334.29198,1094.0,2,0,0,23,0,0
2022-02-23,ABC,Grocery,621465.237,3100.331,2,0,0,23,0,0
2022-02-23,ABC,Household,264388.93901,1023.0,2,0,0,23,0,0
2022-02-23,XYZ,Beverages,291903.94597,1171.0,2,0,0,23,0,0
2022-02-23,XYZ,Grocery,725395.869975,4000.502,2,0,0,23,0,0
2022-02-23,XYZ,Household,339958.336995,1307.0,2,0,0,23,0,0
2022-02-24,ABC,Beverages,562260.63,1531.0,3,0,0,24,0,0
2022-02-24,ABC,Grocery,654528.5938,3062.014,3,0,0,24,0,0
2022-02-24,ABC,Household,408665.51801,1452.0,3,0,0,24,0,0
2022-02-24,XYZ,Beverages,309097.15798,1170.0,3,0,0,24,0,0
2022-02-24,XYZ,Grocery,617327.457,3517.349,3,0,0,24,0,0
2022-02-24,XYZ,Household,278864.165,1186.0,3,0,0,24,0,0
2022-02-25,ABC,Beverages,331291.918,1358.0,4,0,0,25,0,0
2022-02-25,ABC,Grocery,867613.506013,4293.282,4,0,0,25,0,0
2022-02-25,ABC,Household,453002.517,1750.0,4,0,0,25,0,0
2022-02-25,XYZ,Beverages,396324.003,1317.0,4,0,0,25,0,0
2022-02-25,XYZ,Grocery,805993.474911,4246.995,4,0,0,25,0,0
2022-02-25,XYZ,Household,387162.135991,1512.0,4,0,0,25,0,0
2022-02-26,ABC,Beverages,346495.17603,1267.0,5,1,0,26,0,0
2022-02-26,ABC,Grocery,725599.851278,3486.773,5,1,0,26,0,0
2022-02-26,ABC,Household,390277.06799,1508.0,5,1,0,26,0,0
2022-02-26,XYZ,Beverages,269641.753,1126.0,5,1,0,26,0,0
2022-02-26,XYZ,Grocery,985413.796996,5254.694,5,1,0,26,0,0
2022-02-26,XYZ,Household,451254.56504,1989.0,5,1,0,26,0,0
2022-02-27,ABC,Beverages,448158.400996,1535.0,6,1,0,27,0,0
2022-02-27,ABC,Grocery,786765.042938,3752.998,6,1,0,27,0,0
2022-02-27,ABC,Household,444127.486986,1642.0,6,1,0,27,0,0
2022-02-27,XYZ,Beverages,531031.78198,1751.0,6,1,0,27,0,0
2022-02-27,XYZ,Grocery,1596598.054048,7599.386,6,1,0,27,0,0
2022-02-27,XYZ,Household,547559.378005,2234.0,6,1,0,27,0,0
2022-02-28,ABC,Beverages,413742.946,1496.0,0,0,0,28,0,1
2022-02-28,ABC,Grocery,700557.436867,3548.268,0,0,0,28,0,1
2022-02-28,ABC,Household,394323.614974,1520.0,0,0,0,28,0,1
2022-02-28,XYZ,Beverages,301840.902984,1256.0,0,0,0,28,0,1
2022-02-28,XYZ,Grocery,950084.212008,4854.414,0,0,0,28,0,1
2022-02-28,XYZ,Household,412074.053949,1700.0,0,0,0,28,0,1
